BEGIN;

SET search_path TO hortifruti;

-- ============================================================
-- OPERACOES DE CAIXA
-- ============================================================
-- Operacoes fechadas, com saldo igual ao total vendido em cada operacao.
-- ValorOpFecham = ValorOpAber + SaldoOp.

INSERT INTO OPERACAOCAIXA
  (IDOperacao, DataOpAber, ValorOpAber, DataOpFecham, ValorOpFecham, SaldoOp, IDVend, IDCaixa)
VALUES
  (1, '2025-01-20 08:00:00', 200.00, '2025-01-20 18:00:00', 299.69, 99.69, 1, 1),
  (2, '2025-01-21 08:00:00', 180.00, '2025-01-21 18:10:00', 312.93, 132.93, 2, 2),
  (3, '2025-01-22 08:00:00', 220.00, '2025-01-22 18:05:00', 320.30, 100.30, 3, 3),
  (4, '2025-01-23 08:00:00', 200.00, '2025-01-23 18:20:00', 317.15, 117.15, 4, 1);

-- ============================================================
-- PEDIDOS
-- ============================================================
-- Pedidos vinculados a clientes e operacoes de caixa.
-- ValorTotalPedido corresponde a soma dos itens de cada pedido.

INSERT INTO PEDIDO
  (IDPedido, ValorTotalPedido, DataPedido, TipoPedido, IDCliente, IDOperacao)
VALUES
  (1, 26.72, '2025-01-20 09:35:00', 'Venda', 1, 1),
  (2, 26.27, '2025-01-20 10:20:00', 'Venda', 2, 1),
  (3, 46.70, '2025-01-20 11:05:00', 'Delivery', 3, 1),
  (4, 31.95, '2025-01-21 09:15:00', 'Venda', 4, 2),
  (5, 56.60, '2025-01-21 10:45:00', 'Venda', 5, 2),
  (6, 44.38, '2025-01-21 12:30:00', 'Delivery', 6, 2),
  (7, 34.98, '2025-01-22 08:55:00', 'Venda', 7, 3),
  (8, 35.35, '2025-01-22 10:10:00', 'Venda', 8, 3),
  (9, 29.97, '2025-01-22 13:40:00', 'Delivery', 9, 3),
  (10, 28.92, '2025-01-23 09:25:00', 'Venda', 10, 4),
  (11, 48.78, '2025-01-23 11:50:00', 'Venda', 1, 4),
  (12, 39.45, '2025-01-23 15:10:00', 'Delivery', 3, 4);

-- ============================================================
-- ITENS DOS PEDIDOS
-- ============================================================
-- Cada linha representa um produto vendido em um pedido.
-- PrecoUn foi mantido igual ao preco de venda cadastrado no produto.

INSERT INTO ITEMPEDIDO
  (IDProd, IDPedido, QtdItem, DescItem, PrecoUn)
VALUES
  (1, 1, 2.000, 0.00, 6.99),
  (11, 1, 1.000, 0.00, 4.50),
  (22, 1, 1.500, 0.00, 5.49),
  (15, 2, 1.200, 0.00, 8.99),
  (20, 2, 2.000, 0.00, 5.99),
  (27, 2, 1.000, 0.00, 3.50),
  (8, 3, 2.000, 0.00, 11.90),
  (7, 3, 1.000, 0.00, 13.90),
  (35, 3, 3.000, 0.00, 3.00),
  (3, 4, 3.000, 0.00, 5.49),
  (23, 4, 2.000, 0.00, 5.99),
  (26, 4, 1.000, 0.00, 3.50),
  (32, 5, 1.000, 0.00, 24.90),
  (33, 5, 2.000, 0.00, 8.90),
  (36, 5, 1.000, 0.00, 13.90),
  (30, 6, 1.500, 0.00, 8.99),
  (31, 6, 2.000, 0.00, 6.50),
  (34, 6, 1.000, 0.00, 17.90),
  (2, 7, 1.300, 0.00, 9.99),
  (4, 7, 2.000, 0.00, 8.50),
  (10, 7, 1.000, 0.00, 4.99),
  (5, 8, 1.000, 0.00, 9.90),
  (9, 8, 5.000, 0.00, 3.49),
  (12, 8, 2.000, 0.00, 4.00),
  (18, 9, 1.000, 0.00, 9.49),
  (19, 9, 1.000, 0.00, 7.50),
  (21, 9, 2.000, 0.00, 6.49),
  (6, 10, 2.000, 0.00, 7.99),
  (16, 10, 1.500, 0.00, 6.49),
  (28, 10, 1.000, 0.00, 3.20),
  (37, 11, 1.000, 0.00, 18.90),
  (38, 11, 1.000, 0.00, 21.90),
  (39, 11, 2.000, 0.00, 3.99),
  (14, 12, 2.000, 0.00, 4.80),
  (17, 12, 2.000, 0.00, 5.99),
  (24, 12, 1.000, 0.00, 8.90),
  (40, 12, 3.000, 0.00, 2.99);

-- ============================================================
-- PAGAMENTOS
-- ============================================================
-- Um pagamento para cada pedido, com valor igual ao total do pedido.

INSERT INTO PAGAMENTO
  (IDPag, MetodoPag, ValorPag, DataPag, IDPedido)
VALUES
  (1, 'Pix', 26.72, '2025-01-20 09:35:00', 1),
  (2, 'Débito', 26.27, '2025-01-20 10:20:00', 2),
  (3, 'Crédito', 46.70, '2025-01-20 11:05:00', 3),
  (4, 'Dinheiro', 31.95, '2025-01-21 09:15:00', 4),
  (5, 'Pix', 56.60, '2025-01-21 10:45:00', 5),
  (6, 'Débito', 44.38, '2025-01-21 12:30:00', 6),
  (7, 'Crédito', 34.98, '2025-01-22 08:55:00', 7),
  (8, 'Pix', 35.35, '2025-01-22 10:10:00', 8),
  (9, 'Débito', 29.97, '2025-01-22 13:40:00', 9),
  (10, 'Dinheiro', 28.92, '2025-01-23 09:25:00', 10),
  (11, 'Pix', 48.78, '2025-01-23 11:50:00', 11),
  (12, 'Crédito', 39.45, '2025-01-23 15:10:00', 12);

COMMIT;
